ID,Donor,Replicate,Hashing_Protocol,Hashtag_Name,Hashtag_Barcode,Comment
VBDR1233_Rep-One_CMO301,VBDR1233,One,CellPlex,CMO301,ATGAGGAATTCCTGC,
VBDR1233_Rep-Two_CMO302,VBDR1233,Two,CellPlex,CMO302,CATGCCAATAGAGCG,
VBDR1206_Rep-One_CMO303,VBDR1206,One,CellPlex,CMO303,CCGTCGTCCAAGCAT,
VBDR1206_Rep-Two_CMO304,VBDR1206,Two,CellPlex,CMO304,AACGTTAATCACTCA,
VBDR1186_Rep-One_CMO305,VBDR1186,One,CellPlex,CMO305,CGCGATATGGTCGGA,
VBDR1186_Rep-Two_CMO306,VBDR1186,Two,CellPlex,CMO306,AAGATGAGGTCTGTG,
VBDR1216_Rep-One_CMO307,VBDR1216,One,CellPlex,CMO307,AAGCTCGTTGGAAGA,
VBDR1216_Rep-Two_CMO308,VBDR1216,Two,CellPlex,CMO308,CGGATTCCACATCAT,
VBDR1233_Rep-One_HTO_1,VBDR1233,One,Hashtag,HTO_1,GTCAACTCTTTAGCG,
VBDR1233_Rep-Two_HTO_2,VBDR1233,Two,Hashtag,HTO_2,TGATGGCCTATTGGG,
VBDR1206_Rep-One_HTO_3,VBDR1206,One,Hashtag,HTO_3,TTCCGCCTCTCTTTG,
VBDR1206_Rep-Two_HTO_4,VBDR1206,Two,Hashtag,HTO_4,AGTAAGTTCAGCGTA,
VBDR1186_Rep-One_HTO_5,VBDR1186,One,Hashtag,HTO_5,AAGTATCGTTTCGCA,
VBDR1186_Rep-Two_HTO_6,VBDR1186,Two,Hashtag,HTO_6,GGTTGCCAGATGTCA,
VBDR1216_Rep-One_HTO_7,VBDR1216,One,Hashtag,HTO_7,TGTCTTTCCTGCCAG,
VBDR1216_Rep-Two_HTO_8,VBDR1216,Two,Hashtag,HTO_8,CTCCTCTGCAATTAC,
VBDR1233_Rep-One_MULTI_2,VBDR1233,One,MULTIseq,MULTI_2,CCACAATG,
VBDR1233_Rep-Two_MULTI_3,VBDR1233,Two,MULTIseq,MULTI_3,TGAGACCT,
VBDR1206_Rep-One_MULTI_4,VBDR1206,One,MULTIseq,MULTI_4,GCACACGC,One third fewer cells
VBDR1206_Rep-Two_MULTI_5,VBDR1206,Two,MULTIseq,MULTI_5,AGAGAGAG,
VBDR1186_Rep-One_MULTI_6,VBDR1186,One,MULTIseq,MULTI_6,TCACAGCA,One third fewer cells
VBDR1186_Rep-Two_MULTI_7,VBDR1186,Two,MULTIseq,MULTI_7,GAAAAGGG,
VBDR1216_Rep-One_MULTI_8,VBDR1216,One,MULTIseq,MULTI_8,CGAGATTC,
VBDR1216_Rep-Two_MULTI_9,VBDR1216,Two,MULTIseq,MULTI_9,GTAGCACT,