Category,num_cells,pct_cells,median_umis,stddev_umis,Protocol,ID,Donor,Replicate,Hashing_Protocol,Hashtag_Barcode,Comment
unassigned,2915,13.8,None,None,Hashtag Ab,NA,unassigned,None,NA,NA,NA
multiplet,4093,19.4,None,None,Hashtag Ab,NA,multiplet,None,NA,NA,NA
HTO_1,1838,8.7,748.5,697.4,Hashtag Ab,VBDR1233_Rep-One_HTO_1,VBDR1233,One,Hashtag,GTCAACTCTTTAGCG,NA
HTO_2,1816,8.6,1127.0,1223.0,Hashtag Ab,VBDR1233_Rep-Two_HTO_2,VBDR1233,Two,Hashtag,TGATGGCCTATTGGG,NA
HTO_3,1588,7.5,142.0,158.9,Hashtag Ab,VBDR1206_Rep-One_HTO_3,VBDR1206,One,Hashtag,TTCCGCCTCTCTTTG,NA
HTO_4,1328,6.3,101.0,114.9,Hashtag Ab,VBDR1206_Rep-Two_HTO_4,VBDR1206,Two,Hashtag,AGTAAGTTCAGCGTA,NA
HTO_5,2221,10.5,685.0,745.3,Hashtag Ab,VBDR1186_Rep-One_HTO_5,VBDR1186,One,Hashtag,AAGTATCGTTTCGCA,NA
HTO_6,2317,11,190.0,228.6,Hashtag Ab,VBDR1186_Rep-Two_HTO_6,VBDR1186,Two,Hashtag,GGTTGCCAGATGTCA,NA
HTO_7,1296,6.1,648.5,561.1,Hashtag Ab,VBDR1216_Rep-One_HTO_7,VBDR1216,One,Hashtag,TGTCTTTCCTGCCAG,NA
HTO_8,1719,8.1,607.0,540.0,Hashtag Ab,VBDR1216_Rep-Two_HTO_8,VBDR1216,Two,Hashtag,CTCCTCTGCAATTAC,NA
unassigned,303,1.4,None,None,MULTI-Seq,NA,unassigned,None,NA,NA,NA
multiplet,4410,20.6,None,None,MULTI-Seq,NA,multiplet,None,NA,NA,NA
MULTI_2,2952,13.8,1471.5,1237.3,MULTI-Seq,VBDR1233_Rep-One_MULTI_2,VBDR1233,One,MULTIseq,CCACAATG,NA
MULTI_3,2932,13.7,784.0,719.6,MULTI-Seq,VBDR1233_Rep-Two_MULTI_3,VBDR1233,Two,MULTIseq,TGAGACCT,NA
MULTI_4,2241,10.5,4458.0,3511.7,MULTI-Seq,VBDR1206_Rep-One_MULTI_4,VBDR1206,One,MULTIseq,GCACACGC,One third fewer cells
MULTI_5,869,4.1,2018.0,2850.4,MULTI-Seq,VBDR1206_Rep-Two_MULTI_5,VBDR1206,Two,MULTIseq,AGAGAGAG,NA
MULTI_6,3035,14.2,1481.0,1119.8,MULTI-Seq,VBDR1186_Rep-One_MULTI_6,VBDR1186,One,MULTIseq,TCACAGCA,One third fewer cells
MULTI_7,725,3.4,1127.0,1009.7,MULTI-Seq,VBDR1186_Rep-Two_MULTI_7,VBDR1186,Two,MULTIseq,GAAAAGGG,NA
MULTI_8,1952,9.1,3485.0,2867.8,MULTI-Seq,VBDR1216_Rep-One_MULTI_8,VBDR1216,One,MULTIseq,CGAGATTC,NA
MULTI_9,2000,9.3,1174.5,857.5,MULTI-Seq,VBDR1216_Rep-Two_MULTI_9,VBDR1216,Two,MULTIseq,GTAGCACT,NA
unassigned,3593,18,None,None,CellPlex,NA,unassigned,None,NA,NA,NA
multiplet,2135,10.7,None,None,CellPlex,NA,multiplet,None,NA,NA,NA
CMO301,1224,6.1,1189.5,6619.7,CellPlex,VBDR1233_Rep-One_CMO301,VBDR1233,One,CellPlex,ATGAGGAATTCCTGC,NA
CMO302,2018,10.1,1110.0,2398.2,CellPlex,VBDR1233_Rep-Two_CMO302,VBDR1233,Two,CellPlex,CATGCCAATAGAGCG,NA
CMO303,1567,7.9,2943.0,3997.2,CellPlex,VBDR1206_Rep-One_CMO303,VBDR1206,One,CellPlex,CCGTCGTCCAAGCAT,NA
CMO304,1212,6.1,2180.5,3940.7,CellPlex,VBDR1206_Rep-Two_CMO304,VBDR1206,Two,CellPlex,AACGTTAATCACTCA,NA
CMO305,1814,9.1,1839.0,2596.8,CellPlex,VBDR1186_Rep-One_CMO305,VBDR1186,One,CellPlex,CGCGATATGGTCGGA,NA
CMO306,2877,14.4,950.0,1475.4,CellPlex,VBDR1186_Rep-Two_CMO306,VBDR1186,Two,CellPlex,AAGATGAGGTCTGTG,NA
CMO307,1653,8.3,919.0,2745.6,CellPlex,VBDR1216_Rep-One_CMO307,VBDR1216,One,CellPlex,AAGCTCGTTGGAAGA,NA
CMO308,1850,9.3,1568.0,1508.2,CellPlex,VBDR1216_Rep-Two_CMO308,VBDR1216,Two,CellPlex,CGGATTCCACATCAT,NA
